train_loss	photo_loss	smooth_loss	geometry_consistency_loss
1.5775060653686523	1.5702731609344482	0.01150316372513771	0.01216510497033596
